Status,Count,Pct
Open,20098,50.04482071713148
Closed,20062,49.95517928286853
