index,Victim Age
count,40160.0
mean,44.49125996015936
std,20.225549651192335
min,10.0
25%,27.0
50%,44.0
75%,62.0
max,79.0
